{
    "format_version": "1.14",
    "minecraft:recipe_shaped": { 
      "description": {
      "identifier": "bedrocktweaks:dropper_to_dispenser_no_bow"
      },
  
      "tags": [ "crafting_table" ], 
      "priority": 0,
      "result": {
        "item": "minecraft:dispenser",
        "count": 1
    },
    "pattern": [
        " S/",
        "S#/",
        " S/"
    ],
    "key": {
        "/": {
            "item": "minecraft:string"
        },
        "S": {
            "item": "minecraft:stick"
        },
        "#": {
            "item": "minecraft:dropper"
        }
    },
  "group": "dispenser"
    }
  }