{
	"format_version": "1.8.0",
	"animations": {
        "animation.player.phantom_sizing": {
            "loop": true,
            "timeline": {
                "0.0":[
                    "/scoreboard players add @s lp_no_sleep_time 1",
                    "/execute @s[scores={lp_no_sleep_time=7200..10800}] ~ ~ ~ tag @e[type=phantom,r=70] add size_2",
                    "/execute @s[scores={lp_no_sleep_time=10801..14400}] ~ ~ ~ tag @e[type=phantom,r=70] add size_3",
                    "/execute @s[scores={lp_no_sleep_time=14401..120000}] ~ ~ ~ tag @e[type=phantom,r=70] add size_4",
                    "/execute @s[scores={lp_no_sleep_time=120001..}] ~ ~ ~ tag @e[type=phantom,r=70] add size_5"
                ]
            },
            "animation_length": 1
        }
    }
}

// 3-6
// 6-9
// 9-12
// 12-100
// 100+