{
  "format_version": "1.14",
  "minecraft:recipe_shaped": { 
    "description": {
    "identifier": "av:universal_dyeing.glass"
    },

    "tags": [ "crafting_table" ], 
    "priority": 0,
    "group": "universal_dyeing_stained_glass",

    "pattern": [
      "EEE",
      "E0E",
      "EEE"
    ],
    "key": 
      {
          "E": {
              "item": "minecraft:stained_glass"
          },
          "0":{
              "item": "minecraft:ice"
          }  
      },
    "result": { 
      "item": "minecraft:glass",
        "count": 8
    }
  }
}
