{
    "format_version": "1.14",
    "minecraft:recipe_shaped": { 
      "description": {
      "identifier": "av:universal_dyeing.glass_pane"
      },
  
      "tags": [ "crafting_table" ], 
      "priority": 0,
      "group": "universal_dyeing_stained_glass_pane",
  
      "pattern": [
        "EEE",
        "E0E",
        "EEE"
      ],
      "key": 
        {
            "E": {
                "item": "minecraft:stained_glass_pane"
            },
            "0":{
                "item": "minecraft:ice"
            }  
        },
      "result": { 
        "item": "minecraft:glass_pane",
          "count": 8
      }
    }
  }
  