{
	"format_version": "1.10.0",
	"animation_controllers": {
		"controller.animation.player.afking": {
			"states": {
				"default": {
					"transitions": [
						{
							"afk": "!query.is_moving"
						}
					]
				},
				"afk": {
					"animations": [
						"afk_anim"
					],
					"transitions" : [
						{
							"default" : "query.is_moving"
						}
					],
					"on_exit":[
						"/scoreboard players reset @s afk_time",
						"/scoreboard players reset @s afk_display"
					]
				}
			}
		}
	}
}
