{
	"format_version":"1.14",
	"minecraft:recipe_shapeless":{
		"description":{
			"identifier":"bedrocktweaks:red_sand_dyeing"
		},
		"tags":[
			"crafting_table"
		],
		"priority":0,
		"result":{
			"item":"minecraft:sand",
			"count": 8,
			"data": 1
		},
		"ingredients":[//yes
			{
				"item":"minecraft:sand"
			},
			{
				"item":"minecraft:sand"
			},
			{
				"item":"minecraft:sand"
			},
			{
				"item":"minecraft:sand"
			},
			{
				"item":"minecraft:sand"
			},
			{
				"item":"minecraft:sand"
			},
			{
				"item":"minecraft:sand"
			},
			{
				"item":"minecraft:sand"
			},
			{
				"item":"minecraft:dye",
				"data": 1
			}
		],
		"group":"sandstone_dyeing"
	}
}