{
    "format_version": "1.14",
    "minecraft:recipe_shaped": { 
      "description": {
      "identifier": "av:universal_dyeing.white_stained_hardened_clay"
      },
  
      "tags": [ "crafting_table" ], 
      "priority": 0,
      "group": "universal_dyeing_stained_hardened_clay",
  
      "pattern": [
        "EEE",
        "E0E",
        "EEE"
      ],
      "key": 
        {
            "E": {
                "item": "minecraft:stained_hardened_clay"
            },
            "0":{
                "item": "minecraft:dye",
                "data": 15
            }  
        },
      "result": { 
        "item": "minecraft:stained_hardened_clay",
          "data": 0,
          "count": 8
      }
    }
  }
  