{
    "format_version": "1.14",
    "minecraft:recipe_shaped": {
        "description": {
        "identifier": "bedrocktweaks:smooth_stone_slab.to_block"
        },
    
        "tags": [ "crafting_table" ],
        "priority": 0,
        "pattern": [
            "##",
            "##"
        ],
        "key": {
            "#": {
                "item": "minecraft:stone_slab",
                "data": 0
            }
        },
        "result": {
            "item": "minecraft:smooth_stone",
            "count": 2
        },
    "group": "block_to_2_slabs"
    }
  }
  