{
  "format_version": "1.14.0",
  "minecraft:entity": {
    "description": {
      "identifier": "bedrocktweaks:player_grave",
      "runtime_identifier": "minecraft:shulker",
      "is_spawnable": false,
      "is_summonable": true,
      "is_experimental": false,
      "scripts": {
				"animate": [
          "execute_cmd"
				]
			},
			"animations": {
        "execute_cmd": "controller.animation.collect_items.execute_commands",
        "impulse_chain": "animation.collect_items.temp"
			}
    },
    "components": {
      "minecraft:type_family": {
        "family": ["inanimate", "bt_grave"]
      },
      "minecraft:collision_box": {
        "width": 0.5,
        "height": 0.5
      },
      "minecraft:health": {
        "value": 1,
        "max": 1
      },
			"minecraft:damage_sensor": {
				"triggers": [
					{
						"cause": "any",
						"deals_damage": false
					}
				]
			},
      "minecraft:loot": {
        "table": "loot_tables/empty.json"
      },
      "minecraft:persistent": {
      },
      "minecraft:physics": {
        "has_gravity": false,
        "has_collision": false
      },
      "minecraft:pushable": {
        "is_pushable": false,
        "is_pushable_by_piston": false
      },
      "minecraft:inventory": {
        "container_type": "container",
        "inventory_size": 42,
        "can_be_siphoned_from": false,
        "private": false,
        "restrict_to_owner": true
      }
    },
    "component_groups": {
      "collect_items":{
        "minecraft:skin_id": {
					"value": 1
				}
      },
      "active":{
        "minecraft:item_hopper": {
        }
      }
     },

    "events":{
      "minecraft:entity_spawned": {
        "add": {
          "component_groups": [
            "collect_items",
            "active"
          ]
        }
      },
      "bedrocktweaks:stop_item_collect":{
        "remove": {
          "component_groups": [
            "active"
          ]
        }
      }
    }
  }
}