{
    "format_version": "1.13.0",
    "minecraft:entity": {
        "description": {
            "identifier": "bedrocktweaks:thunder_shrine",
            "is_spawnable": false,
            "is_summonable": true,
            "is_experimental": false,
            "scripts": {
				"animate": [
                    "execute_cmd"
				]
			},
			"animations": {
                "execute_cmd": "animation.thunder"
			}
        },
        "components": {
            "minecraft:push_through": {
                "value": 1
            },
            "minecraft:knockback_resistance": {
                "value": 1
            },
            "minecraft:movement": {
                "value": -1
            },
            "minecraft:damage_sensor": {
                "triggers": [
                    {
                        "cause": "any",
                        "deals_damage": false
                    }
                ]
            }
        }
    }
}