{
  "format_version": "1.14",
  "minecraft:recipe_shaped": {
    "description": {
    "identifier": "bedrocktweaks:name_tag"
    },

    "tags": [ "crafting_table" ], 
    "priority": 0,
    "result": {
        "item": "minecraft:name_tag",
        "count": 1
    },
    "pattern": [
        " IS",
        " PI",
        "P  "
    ],
    "key": {
        "I": {
            "item": "minecraft:iron_ingot"
        },
        "P": {
            "item": "minecraft:paper"
        },
        "S": {
            "item": "minecraft:string"
        }
    }
  }
}
