{
  "format_version": "1.14",
  "minecraft:recipe_shapeless": { 
    "description": {
    "identifier": "bedrocktweaks:black_concretepowder.from_charcoal"
    },

    "tags": [ "crafting_table" ],
    "priority": 0,
    "group": "concrete_powder",
    "ingredients": [
      {
        "item": "coal",
        "data": 1
      },
      {
        "item": "minecraft:sand"
      },
      {
        "item": "minecraft:sand"
      },
      {
        "item": "minecraft:sand"
      },
      {
        "item": "minecraft:sand"
      },
      {
        "item": "minecraft:gravel"
      },
      {
        "item": "minecraft:gravel"
      },
      {
        "item": "minecraft:gravel"
      },
      {
        "item": "minecraft:gravel"
      }
    ],
    "result": {
      "item": "minecraft:concrete_powder",
      "count": 8,
      "data": 15
    }
  }
}
