{
  "format_version": "1.14",
  "minecraft:recipe_shaped": { 
    "description": {
      "identifier": "bedrocktweaks:black_stained_glass.from_charcoal"
    },

    "tags": [ "crafting_table" ],
    "priority": 0, 
    "group": "stained_glass",
    "pattern": [
      "###",
      "#X#",
      "###"
    ],
    "key": {
      "#": {
        "item": "minecraft:glass"
      },
      "X":{
        "item": "coal",
        "data": 1
      }
    },
    "result": {
      "item": "minecraft:stained_glass",
      "count": 8,
      "data": 15
    }
  }
}
