{
  "format_version": "1.14",
  "minecraft:recipe_shaped": { 
    "description": {
      "identifier": "bedrocktweaks:black_stained_hardened_clay.from_charcoal"
    },

    "tags": [ "crafting_table" ],
    "priority": 0, 
    "group": "stained_hardened_clay",
    "pattern": [
      "###",
      "#X#",
      "###"
    ],
    "key": {
      "#": {
        "item": "minecraft:hardened_clay"
      },
      "X": {
        "item": "coal",
        "data": 1
      }
    },
    "result": {
      "item": "minecraft:stained_hardened_clay",
      "count": 8,
      "data": 15
    }
  }
}
