{
  "format_version": "1.14",
  "minecraft:recipe_shaped": { 
    "description": {
      "identifier": "bedrocktweaks:dark_prismarine.from_charcoal"
    },

    "tags": [ "crafting_table" ],
    "priority": 0, 
    "pattern": [
      "SSS",
      "SIS",
      "SSS"
    ],
    "key": {
      "S": {
        "item": "minecraft:prismarine_shard"
      },
      "I": {
        "item": "coal",
        "data": 1
      }
    },
    "result": {
      "item": "minecraft:prismarine",
      "data": 1
    }
  }
}
