{
  "format_version": "1.14",
  "minecraft:recipe_shapeless": {
    "description": {
    "identifier": "bedrocktweaks:light_gray_dye_white_dye.from_charcoal"
    },

    
    "tags": [ "crafting_table" ],
    "group": "light_gray_dye",
    "priority": 0,
    "ingredients": [
      {
        "item": "coal",
        "data": 1
      },
      {
        "item": "minecraft:dye",
        "data": 19
      },
      {
        "item": "minecraft:dye",
        "data": 19
      }
    ],
    "result": {
      "item": "minecraft:dye",
      "data": 7,
      "count": 3
    }
  }
}
