{
	"format_version": "1.8.0",
	"animations": {
        "animation.player.spleeping_ops": {
            "loop": true,
            "timeline": {
                "0.0":[
                    "/scoreboard players add @s sleeping_time 1",
                    "/execute @a[scores={sleeping_time=5..}] ~ ~ ~ weather rain",
                    "/execute @a[scores={sleeping_time=5..}] ~ ~ ~ toggledownfall",
                    "/execute @a[scores={sleeping_time=5..}] ~ ~ ~ time set 0",
                    "/execute @a[scores={sleeping_time=5..}] ~ ~ ~ scoreboard players reset @a sleeping_time"
                ]
            },
            "animation_length": 1
        }
    }
}

