{
  "format_version": "1.13.0",
  "minecraft:entity": {

    "description": {
      "identifier": "minecraft:phantom",
      "is_spawnable": true,
      "is_summonable": true,
      "is_experimental": false,
      "scripts": {
				"animate": [
          "execute_cmd"
				]
			},
			"animations": {
        "execute_cmd": "controller.animation.death_counter.execute_commands"
			}
    },

    "component_groups": {
     "size:0":{
      "minecraft:health": {
        "value": 20,
        "max": 20
      },
      "minecraft:attack": {
        "damage": 6
      },
      "minecraft:collision_box": {
        "width": 0.9,
        "height": 0.5
      },
      "minecraft:movement": {
        "value": 1.8
      },
      "minecraft:scale":{
        "value": 1
      }
     },
     "size:2":{
      "minecraft:health": {
        "value": 25,
        "max": 25
      },
      "minecraft:attack": {
        "damage": 12
      },
      "minecraft:collision_box": {
        "width": 1.2,
        "height": 0.65
      },
      "minecraft:movement": {
        "value": 1.8
      },
      "minecraft:scale":{
        "value": 1.5
      }
     },
     "size:3":{
      "minecraft:health": {
        "value": 30,
        "max": 30
      },
      "minecraft:attack": {
        "damage": 14
      },
      "minecraft:collision_box": {
        "width": 1.3,
        "height": 0.7
      },
      "minecraft:movement": {
        "value": 2.34
      },
      "minecraft:scale":{
        "value": 2
      }
     },
     "size:4":{
      "minecraft:health": {
        "value": 35,
        "max": 35
      },
      "minecraft:attack": {
        "damage": 17
      },
      "minecraft:collision_box": {
        "width": 1.4,
        "height": 0.75
      },
      "minecraft:movement": {
        "value": 2.88
      },
      "minecraft:follow_range": {
        "value": 28,
        "max": 28
      },
      "minecraft:scale":{
        "value": 2.5
      }
     },
     "size:5":{
      "minecraft:health": {
        "value": 100,
        "max": 100
      },
      "minecraft:attack": {
        "damage": 27
      },
      "minecraft:collision_box": {
        "width": 1.9,
        "height": 1
      },
      "minecraft:movement": {
        "value": 3.6
      },
      "minecraft:scale":{
        "value": 5
      }
     }
    },

    "components": {
      "minecraft:experience_reward": {
        "on_death": "query.last_hit_by_player ? 5 : 0"
      },
      "minecraft:type_family": {
        "family": [ "phantom", "undead", "monster", "mob" ]
      },
      "minecraft:loot": {
        "table": "loot_tables/entities/phantom.json"
      },
      "minecraft:nameable": {
      },
      "minecraft:hurt_on_condition": {
        "damage_conditions": [
          {
            "filters": { "test": "in_lava", "subject": "self", "operator": "==", "value": true },
            "cause": "lava",
            "damage_per_tick": 4
          }
        ]
      },
      "minecraft:follow_range": {
        "value": 64,
        "max": 64
      },
      "minecraft:physics": {
        "has_gravity": false
      },
      "minecraft:pushable": {
        "is_pushable": true,
        "is_pushable_by_piston": true
      },
      "minecraft:breathable": {
        "total_supply": 15,
        "suffocate_time": 0,
        "breathes_air": true,
        "breathes_water": false
      },
      "minecraft:movement.glide": {
        "start_speed": 0.1,
        "speed_when_turning": 0.2
      },
      "minecraft:burns_in_daylight": {
      },
      "minecraft:behavior.avoid_mob_type": {
        "priority": 0,
        "max_dist": 16.0,
        "ignore_visibility": true,
        "entity_types": [
          {
            "filters": {
                "any_of": [
                  { "test" :  "is_family", "subject" : "other", "value" :  "ocelot"},
                  { "test" :  "is_family", "subject" : "other", "value" :  "cat"}
                ]
            },
            "max_dist": 16,
            "walk_speed_multiplier": 1,
            "sprint_speed_multiplier": 1
          }
        ]
      },
      "minecraft:behavior.nearest_attackable_target": {
        "priority": 1,
        "within_radius": 64,
        "reselect_targets": true,
        "entity_types": [
          {
            "filters": {
              "test": "is_family",
              "subject": "other",
              "value": "player"
            },
            "max_dist": 64
          }
        ],
        "must_see": false,
        "must_see_forget_duration": 0.5,
        "scan_interval": 20,
        "target_search_height": 80.0
      },
      "minecraft:behavior.swoop_attack": {
        "priority": 2,
        "delay_range": [ 10.0, 20.0 ]
      },
      "minecraft:behavior.circle_around_anchor": {
        "priority": 3,
        "radius_range": [ 5.0, 15.0 ],
        "radius_change_chance": 250,
        "height_above_target_range": [ 20.0, 40.0 ],
        "height_offset_range": [ -4.0, 5.0 ],
        "height_change_chance": 350,
        "goal_radius": 1.0
      },
      "minecraft:environment_sensor": {
        "triggers": [
          {
            "filters": {
              "test": "has_tag",
              "subject": "self",
              "value": "size_2"
            },
            "event": "become:2"
          },
          {
            "filters": {
              "test": "has_tag",
              "subject": "self",
              "value": "size_3"
            },
            "event": "become:3"
          },
          {
            "filters": {
              "test": "has_tag",
              "subject": "self",
              "value": "size_4"
            },
            "event": "become:4"
          },
          {
            "filters": {
              "test": "has_tag",
              "subject": "self",
              "value": "size_5"
            },
            "event": "become:5"
          }
        ]
      }
    },
    "events":{
      "minecraft:entity_spawned": {
        "add": {
          "component_groups": [
            "size:0"
          ]
        }
      },
      "become:2":{
        "add": {
          "component_groups": [
            "size:2"
          ]
        }
      },
      "become:3":{
        "add": {
          "component_groups": [
            "size:3"
          ]
        }
      },
      "become:4":{
        "add": {
          "component_groups": [
            "size:4"
          ]
        }
      },
      "become:5":{
        "add": {
          "component_groups": [
            "size:5"
          ]
        }
      }
    }
  }
}