{
	"format_version": "1.12.0",
	"minecraft:geometry": [
		{
			"description": {
				"identifier": "geometry.bedrocktweaks_grave",
				"texture_width": 128,
				"texture_height": 128,
				"visible_bounds_width": 3,
				"visible_bounds_height": 1,
				"visible_bounds_offset": [0, 0.5, 0]
			},
			"bones": [
				{
					"name": "main",
					"pivot": [0, 0, 0],
					"cubes": [
						{"origin": [-8, 0, -13], "size": [16, 3, 16], "uv": [0, 0]},
						{"origin": [-8, 0, 3], "size": [16, 13, 6], "uv": [0, 19]},
						{"origin": [-4, 0, 2], "size": [8, 16, 8], "inflate": 0.001, "uv": [36, 36]}
					]
				}
			]
		}
	]
}