{
    "format_version": "1.14",
    "minecraft:recipe_shaped": { 
      "description": {
      "identifier": "bedrocktweaks:prismarine.from_slab"
      },
  
      "tags": [ "crafting_table" ], 
      "priority": 0,
      "pattern": [
          "##"
      ],
      "key": {
          "#": {
            "item": "minecraft:stone_slab2",
            "data": 2
          }
      },
      "result": {
          "item": "minecraft:prismarine",
          "count": 1,
          "data": 0
      },
      "group": "slabs_to_blocks"
    }
  }
  