{
    "format_version": "1.14",
    "minecraft:recipe_shaped": { 
      "description": {
      "identifier": "bedrocktweaks:smooth_red_sandstone.from_slab"
      },
  
      "tags": [ "crafting_table" ], 
      "priority": 0,
      "pattern": [
          "##"
      ],
      "key": {
          "#": {
            "item": "minecraft:stone_slab3",
            "data": 1
          }
      },
      "result": {
          "item": "minecraft:red_sandstone",
          "count": 1,
          "data": 3
      },
      "group": "slabs_to_blocks"
    }
  }
  