{
	"format_version": "1.10.0",
	"animation_controllers": {
		"controller.animation.player.summon_grave": {
			"states": {
				"default": {
					"transitions": [
						{
							"summon_grave": "!query.is_alive"
						}
					]
				},
				"summon_grave": {
					"on_entry":[
						"/summon bedrocktweaks:player_grave",
						"/scoreboard players operation @e[type=bedrocktweaks:player_grave,c=1,r=2] pg_player_id = @s pg_player_id"
					],
					"transitions": [
						{
							"default": "query.is_alive"
						}
					]
				}
			}
		},
		"controller.animation.player.get_grave": {
			"states": {
				"default": {
					"transitions": [
						{
							"get_grave": "query.is_sneaking && query.is_jumping"
						}
					]
				},
				"get_grave": {
					"on_entry":[
						"/execute @s ~ ~ ~ /function player_graves/get_grave"
					],
					"transitions": [
						{
							"default": "!(query.is_sneaking && query.is_jumping)"
						}
					]
				}
			}
		}
	}
}
