{
  "format_version": "1.14",
  "minecraft:recipe_shapeless": { 
    "description": {
      "identifier": "bedrocktweaks:coal_to_ink_sacs"
    },

    "tags": [ "crafting_table" ],
    "priority": 0,
    "ingredients": [
      {
        "item": "minecraft:coal",
        "data": 0
      },
      {
        "item": "minecraft:coal",
        "data": 0
      },
      {
        "item": "minecraft:coal",
        "data": 1
      },
      {
        "item": "minecraft:coal",
        "data": 1
      }
    ],
    "result": {
      "item": "minecraft:dye",
      "count": 2,
      "data": 0
    }
  }
}
