{
  "format_version": "1.14",
  "minecraft:recipe_shaped": {
    "description": {
    "identifier": "bedrocktweaks:dark_oak_stairs"
    },

    
    "tags": [ "crafting_table" ],
    "priority": 0,
    "group": "wooden_stairs",
    "pattern": [
      "#  ",
      "## ",
      "###"
    ],
    "key": {
      "#": {
        "item": "minecraft:planks",
        "data": 5
      }
    },
    "result": {
      "item": "minecraft:dark_oak_stairs",
      "count": 8
    }
  }
}
