{
  "format_version": "1.14",
  "minecraft:recipe_shaped": {
    "description": {
    "identifier": "bedrocktweaks:smooth_red_sandstone_stairs"
    },

    
    "tags": [ "crafting_table" ],
    "priority": 0,
    "pattern": [
      "#  ",
      "## ",
      "###"
    ],
    "key": {
      "#": {
        "item": "minecraft:red_sandstone",
        "data": 3
      }
    },
    "result": {
      "item": "minecraft:smooth_red_sandstone_stairs",
      "count": 8
    }
  }
}
