{
	"format_version": "1.8.0",
	"animations": {
        "animation.collect_items.temp": {
            "loop": true,
            "timeline": {
                "0.5":[
                    "/tp @e[type=item,r=10] @s"
                ],
                "1.0":[
                    "/tp @e[type=item,r=10] @s"
                ],
                "1.5":[
                    "/tp @e[type=item,r=10] @s"
                ],
                "2.0":[
                    "/tp @e[type=item,r=10] @s"
                ],
                "2.3":[
                    "@s bedrocktweaks:stop_item_collect"
                ]
            },
            "animation_length": 2.5
        }
    }
}
